,City,Cloudiness,Country,Date,Humidity,Lat,Lng,Max Temp,Wind Speed
0,Punta Arenas,0,CL,1565574772,68,-53.16,-70.91,30.2,9.17
1,Quang Ngai,99,VN,1565574757,60,15.12,108.8,88.72,1.59
2,Dikson,100,RU,1565574838,89,73.51,80.55,40.47,11.1
3,Rikitea,100,PF,1565574838,84,-23.12,-134.97,72.87,17.2
4,Russell,1,US,1565574839,70,38.9,-98.86,91.4,14.99
5,Lincoln,0,GB,1565574557,87,53.23,-0.54,54.0,9.17
6,Tuktoyaktuk,90,CA,1565574671,93,69.44,-133.03,44.6,24.16
7,Vaini,90,IN,1565574839,100,15.34,74.49,71.6,5.82
8,Castro,90,CL,1565574840,100,-42.48,-73.76,42.8,4.7
9,Ushuaia,40,AR,1565574840,94,-54.81,-68.31,32.0,17.22
10,Namatanai,0,PG,1565574841,74,-3.66,152.44,81.52,7.61
11,Bafoulabe,100,ML,1565574841,94,13.81,-10.83,73.77,13.69
12,Goba,95,ET,1565574841,93,7.01,39.97,47.14,0.63
13,Calmar,90,CA,1565574842,93,53.27,-113.81,57.99,9.17
14,Saint-Philippe,90,CA,1565574842,64,45.36,-73.48,73.99,3.36
15,Puerto Plata,20,DO,1565574551,74,19.79,-70.69,82.99,9.17
16,Klaksvik,0,FO,1565574606,93,62.23,-6.59,44.6,4.7
17,Yellowknife,20,CA,1565574843,63,62.45,-114.38,62.6,8.05
18,Necochea,67,AR,1565574708,81,-38.55,-58.74,46.0,4.0
19,Hilo,40,US,1565574865,58,19.71,-155.08,84.2,12.75
20,Cape Town,75,ZA,1565574866,87,-33.93,18.42,55.0,1.12
21,Kapaa,75,US,1565574781,66,22.08,-159.32,87.8,10.29
22,Bluff,0,AU,1565574591,29,-23.58,149.07,66.75,4.9
23,Conakry,100,GN,1565574885,82,9.52,-13.7,77.92,9.95
24,Hermanus,37,ZA,1565574885,96,-34.42,19.24,50.0,5.99
25,Pangkalanbuun,84,ID,1565574886,59,-2.68,111.62,87.1,4.74
26,Van Wert,40,US,1565574886,68,40.86,-84.58,79.0,3.36
27,Bulawayo,0,ZW,1565574887,44,-20.16,28.59,50.02,3.15
28,Clyde River,90,CA,1565574887,100,70.47,-68.59,41.0,13.87
29,Maroantsetra,79,MG,1565574888,98,-15.43,49.74,60.27,1.52
30,Inhambane,0,MZ,1565574888,82,-23.87,35.38,62.97,8.52
31,Torbay,90,CA,1565574888,77,47.66,-52.73,66.0,11.41
32,Jinhua,4,CN,1565574889,61,29.11,119.65,88.54,8.28
33,Mwinilunga,0,ZM,1565574889,48,-11.73,24.43,55.24,6.76
34,Port Alfred,55,ZA,1565574889,71,-33.59,26.89,57.99,5.01
35,New Norfolk,75,AU,1565574890,54,-42.78,147.06,54.0,20.8
36,Avarua,96,CK,1565574890,65,-21.21,-159.78,80.6,9.17
37,Konya,0,TR,1565574832,58,37.87,32.48,59.0,6.93
38,Boyolangu,3,ID,1565574891,54,-8.09,111.9,82.24,2.06
39,Codrington,0,AU,1565574891,36,-28.95,153.24,63.0,13.87
40,Tasiilaq,0,GL,1565574891,93,65.61,-37.64,39.2,8.05
41,Gerzel-Aul,0,RU,1565574892,77,43.25,46.4,64.4,4.47
42,Iquitos,75,PE,1565574892,88,-3.75,-73.25,77.0,3.36
43,Xining,77,CN,1565574729,42,36.62,101.77,75.99,6.15
44,Port Shepstone,100,ZA,1565574893,80,-30.74,30.45,57.57,6.85
45,Mataura,44,NZ,1565574773,67,-46.19,168.86,48.0,14.0
46,Thompson,20,CA,1565574893,48,55.74,-97.86,64.4,8.05
47,Tiksi,0,RU,1565574894,59,71.64,128.87,60.64,5.95
48,Chipinge,0,ZW,1565574894,49,-20.19,32.62,59.92,4.34
49,Verkhnetulomskiy,0,RU,1565574894,76,68.61,31.8,48.2,4.47
50,Verdun,0,FR,1565574895,87,49.16,5.39,55.99,10.29
51,Manyana,40,AU,1565574895,41,-35.26,150.51,62.01,11.41
52,Shetpe,0,KZ,1565574895,44,44.14,52.16,71.07,19.69
53,Alugan,100,PH,1565574896,50,12.22,125.48,91.95,10.09
54,Albany,20,US,1565574758,53,42.65,-73.75,71.6,6.93
55,Provideniya,90,RU,1565574603,93,64.42,-173.23,55.4,17.9
56,Nikolskoye,90,RU,1565574897,93,59.7,30.79,60.8,2.24
57,San Antero,20,CO,1565574897,79,9.38,-75.76,84.2,13.0
58,Mana,11,NG,1565574897,75,13.03,5.27,78.27,13.65
59,Hambantota,20,LK,1565574783,94,6.12,81.12,78.8,3.36
60,Parabel,50,RU,1565574898,59,58.71,81.5,62.62,3.71
61,Khandbari,0,NP,1565574898,66,27.38,87.21,68.92,4.88
62,Puerto Ayora,0,EC,1565574620,96,-0.74,-90.35,64.99,3.0
63,Kodiak,40,US,1565574899,83,39.95,-94.76,80.01,4.7
64,Hami,0,CN,1565574899,18,42.84,93.51,83.5,5.7
65,Ribeira Grande,69,PT,1565574900,82,38.52,-28.7,70.17,11.25
66,Adamas,0,GR,1565574900,71,36.73,24.43,77.55,32.39
67,Pithiviers,0,FR,1565574900,93,48.17,2.25,60.8,6.93
68,Buala,97,SB,1565574901,77,-8.15,159.59,83.32,8.93
69,Bambous Virieux,75,MU,1565574901,78,-20.34,57.76,71.6,19.46
70,Carnarvon,44,ZA,1565574901,96,-30.97,22.13,35.97,6.17
71,Guaynabo,40,PR,1565574715,78,18.37,-66.11,82.4,10.29
72,Faanui,0,PF,1565574902,81,-16.48,-151.75,79.35,12.59
73,Gat,20,SN,1565574902,83,14.69,-16.54,80.6,12.75
74,Takoradi,70,GH,1565574896,94,4.89,-1.75,70.72,4.09
75,Bethel,40,US,1565574886,82,60.79,-161.76,62.6,10.29
76,Athabasca,92,CA,1565574903,92,54.72,-113.29,55.24,5.5
77,Curup,40,ID,1565574903,52,-3.47,102.53,80.62,3.15
78,Roald,100,NO,1565574904,100,62.58,6.12,59.0,3.36
79,Karaidel,100,RU,1565574904,97,55.83,56.91,57.04,10.11
80,Las Vegas,1,US,1565574904,12,36.17,-115.15,98.6,16.11
81,Khatanga,0,RU,1565574904,36,71.98,102.47,77.02,9.78
82,Sao Filipe,0,CV,1565574835,86,14.9,-24.5,75.4,17.74
83,Qaanaaq,85,GL,1565574905,75,77.48,-69.36,40.12,1.12
84,Padang,100,ID,1565574906,79,-0.92,100.36,81.15,10.67
85,Gouyave,20,GD,1565574906,79,12.16,-61.73,84.2,13.87
86,Sitka,61,US,1565574906,47,37.17,-99.65,89.01,10.0
87,Palmer,20,AU,1565574753,71,-34.85,139.16,55.0,4.7
88,Esperance,0,AU,1565574907,87,-33.86,121.89,51.8,12.75
89,Mindyak,90,RU,1565574908,93,54.02,58.79,57.2,2.24
90,Rocha,100,UY,1565574746,93,-34.48,-54.34,45.34,4.63
91,Hanko,28,FI,1565574908,83,59.83,22.95,64.0,5.99
92,Iztapa,12,GT,1565574908,85,13.93,-90.71,78.64,3.06
93,Norman Wells,40,CA,1565574885,62,65.28,-126.83,55.4,2.24
94,Ostersund,100,SE,1565574909,93,63.18,14.64,59.0,5.82
95,Holalkere,100,IN,1565574909,85,14.04,76.18,72.34,15.97
96,Port Hardy,75,CA,1565574909,68,50.7,-127.42,64.4,5.82
97,Busselton,0,AU,1565574910,39,-33.64,115.35,63.0,21.59
98,Iqaluit,20,CA,1565574790,86,63.75,-68.52,41.0,8.05
99,Mozarlandia,16,BR,1565574889,43,-14.74,-50.57,74.5,2.77
100,Rio Grande,91,BR,1565574658,95,-32.03,-52.1,53.44,4.72
101,East London,20,ZA,1565574911,82,-33.02,27.91,49.47,5.7
102,Ostrovnoy,83,RU,1565574895,72,68.05,39.51,45.34,20.76
103,Airai,71,TL,1565574911,39,-8.93,125.41,87.1,1.43
104,Barrow,0,AR,1565574912,52,-38.31,-60.23,45.7,7.23
105,Salalah,75,OM,1565574912,94,17.01,54.1,77.0,4.7
106,Matara,23,BI,1565574913,77,-3.48,29.48,50.37,1.19
107,Kharan,74,PK,1565574913,46,28.58,65.42,88.9,5.66
108,Winnemucca,1,US,1565574618,23,40.97,-117.74,78.8,12.75
109,Narsaq,0,GL,1565574914,32,60.91,-46.05,55.4,18.34
110,Fukue,75,JP,1565574914,55,35.03,136.69,95.0,16.11
111,Luderitz,0,NA,1565574914,82,-26.65,15.16,55.4,11.41
112,Hobart,75,AU,1565574915,54,-42.88,147.33,54.0,20.8
113,Isagarh,100,IN,1565574915,84,24.84,77.89,78.64,12.93
114,Srednekolymsk,0,RU,1565574915,40,67.46,153.71,73.24,12.01
115,Waipawa,100,NZ,1565574916,84,-39.94,176.59,50.0,6.62
116,Hobyo,0,SO,1565574865,75,5.35,48.53,73.95,16.93
117,Sapernoye,57,RU,1565574916,99,60.72,29.95,59.0,4.0
118,Los Llanos de Aridane,0,ES,1565574663,64,28.66,-17.92,73.4,12.75
119,Port Elizabeth,1,US,1565574917,82,39.31,-74.98,75.2,3.91
120,Saint George,0,GR,1565574756,51,39.45,22.34,80.6,4.7
121,La Ronge,20,CA,1565574907,59,55.1,-105.3,64.4,4.7
122,Matagami,100,NG,1565574918,96,9.67,8.4,67.47,2.19
123,Cidreira,95,BR,1565574814,93,-30.17,-50.22,58.84,3.83
124,Ancud,90,CL,1565574918,100,-41.87,-73.83,42.8,4.7
125,Marsa Matruh,0,EG,1565574681,70,31.35,27.25,79.35,5.41
126,Genhe,0,CN,1565574919,42,50.78,121.52,76.84,2.26
127,Arraial do Cabo,0,BR,1565574792,90,-22.97,-42.02,70.17,5.08
128,Labuhan,2,ID,1565574920,45,-2.54,115.51,92.5,2.62
129,Tuatapere,91,NZ,1565574920,67,-46.13,167.69,48.0,14.0
130,Hithadhoo,100,MV,1565574921,77,-0.6,73.08,83.67,15.9
131,Boende,13,CD,1565574921,93,-0.28,20.88,71.25,2.53
132,Florianopolis,75,BR,1565574922,77,-27.6,-48.55,66.2,13.87
133,Aktau,0,KZ,1565574922,88,43.65,51.16,64.4,6.71
134,Namibe,3,AO,1565574922,83,-15.19,12.15,62.97,5.37
135,Broken Hill,0,AU,1565574922,66,-31.97,141.45,48.2,8.05
136,Dong Hoi,64,VN,1565574923,62,17.48,106.6,86.92,9.53
137,Tsabong,0,BW,1565574923,12,-26.02,22.4,48.75,10.54
138,Kununurra,28,AU,1565574924,13,-15.77,128.74,78.8,17.22
139,Yeppoon,0,AU,1565574924,22,-23.13,150.74,68.0,12.75
140,Mahebourg,75,MU,1565574925,78,-20.41,57.7,71.6,19.46
141,Mogadishu,61,SO,1565574832,80,2.04,45.34,74.32,11.92
142,Smoljan,0,ME,1565574925,75,43.09,19.23,61.9,3.96
143,Taltal,0,CL,1565574815,60,-25.41,-70.49,53.25,3.33
144,Butaritari,100,KI,1565574926,75,3.07,172.79,82.24,9.1
145,Dullewala,72,PK,1565574926,45,31.84,71.44,95.55,3.18
146,Gemena,100,CD,1565574926,97,3.25,19.78,69.82,1.34
147,Kaoma,57,ZM,1565574927,67,-14.8,24.8,52.9,6.62
148,Talcahuano,90,CL,1565574927,87,-36.72,-73.12,50.0,2.24
149,Samarai,100,PG,1565574927,95,-10.62,150.67,73.24,7.07
150,Marsh Harbour,85,BS,1565574928,73,26.54,-77.06,85.47,13.15
151,Joao Camara,20,BR,1565574928,94,-5.54,-35.82,71.6,3.36
152,Talnakh,75,RU,1565574809,100,69.49,88.39,53.6,8.95
153,Valparaiso,75,US,1565574709,69,41.47,-87.06,79.0,3.36
154,Ulaanbaatar,75,MN,1565574844,87,47.92,106.92,57.2,11.18
155,Caravelas,0,BR,1565574929,87,-17.73,-39.27,71.44,6.44
156,Pokhara,100,NP,1565574930,67,28.21,83.99,67.12,2.84
157,Cherskiy,36,RU,1565574930,54,68.75,161.3,60.1,14.43
158,Ayna,0,ES,1565574930,32,38.55,-2.07,68.0,8.05
159,Tevriz,57,RU,1565574930,74,57.51,72.4,67.47,6.69
160,Lillooet,90,CA,1565574745,60,50.69,-121.94,68.0,11.41
161,Chernyshevskiy,11,RU,1565574931,43,63.01,112.47,70.9,11.7
162,Pisco,40,PE,1565574794,82,-13.71,-76.2,60.8,6.93
163,Tucuman,0,PE,1565574932,45,-17.17,-70.89,46.05,1.01
164,Qidong,0,CN,1565574932,59,31.81,121.66,89.01,10.0
165,Bukachacha,31,RU,1565574933,50,52.99,116.91,73.42,13.62
166,Lasa,0,CY,1565574933,78,34.92,32.53,75.2,1.12
167,Haines Junction,100,CA,1565574933,50,60.75,-137.51,61.0,3.49
168,Prince Rupert,90,CA,1565574934,82,54.32,-130.32,62.6,2.24
169,Hasaki,75,JP,1565574934,88,35.73,140.83,90.0,4.7
170,Virginia Beach,1,US,1565574684,94,36.85,-75.98,79.0,7.7
171,Jamestown,49,AU,1565574935,58,-33.21,138.6,50.92,6.29
172,Kudahuvadhoo,100,MV,1565574935,74,2.67,72.89,83.14,8.81
173,Chuy,39,UY,1565574936,93,-33.69,-53.46,49.84,7.18
174,Baoying,100,CN,1565574936,99,33.24,119.31,82.99,8.01
175,Batsfjord,100,NO,1565574936,95,70.63,29.72,48.57,16.04
176,Hamilton,20,CA,1565574843,77,43.26,-79.87,75.2,6.93
177,Narasannapeta,100,IN,1565574937,92,18.42,84.04,77.55,6.04
178,Kinel-Cherkassy,100,RU,1565574937,90,53.47,51.47,53.25,15.23
179,Reus,94,ES,1565574938,100,41.16,1.11,73.0,4.7
180,Kavaratti,37,IN,1565574938,77,10.57,72.64,82.77,18.21
181,Saskylakh,0,RU,1565574773,39,71.97,114.09,73.42,10.51
182,Durango,40,MX,1565574928,24,24.02,-104.67,80.6,3.36
183,Shingu,40,JP,1565574939,70,33.72,135.99,87.8,4.7
184,Bandarbeyla,12,SO,1565574939,62,9.49,50.81,75.57,31.36
185,Aden,32,YE,1565574940,64,12.79,45.03,88.17,9.35
186,Alofi,0,NU,1565574940,78,-19.06,-169.92,80.6,11.41
187,Kavieng,62,PG,1565574940,70,-2.57,150.8,81.7,3.94
188,Klyuchi,0,RU,1565574941,34,52.25,79.17,76.12,9.51
189,Iquique,90,CL,1565574941,76,-20.22,-70.14,57.2,9.17
190,Coquimbo,0,CL,1565574788,76,-29.95,-71.34,51.8,6.93
191,Makushino,98,RU,1565574941,60,55.21,67.25,69.82,12.26
192,Sisophon,92,KH,1565574942,89,13.59,102.97,79.35,2.91
193,Saldanha,0,PT,1565574877,89,41.42,-6.55,50.55,2.24
194,Atuona,18,PF,1565574942,79,-9.8,-139.03,79.72,23.2
195,Bredasdorp,6,ZA,1565574943,76,-34.53,20.04,51.8,9.17
196,Alice Springs,0,AU,1565574696,47,-23.7,133.88,59.0,12.75
197,Lata,18,IN,1565574943,77,30.78,78.62,51.27,4.07
198,El Retorno,91,CO,1565574944,98,2.33,-72.63,70.35,2.71
199,Raudeberg,100,NO,1565574944,87,61.99,5.14,57.2,19.46
200,Griffin,1,US,1565574944,74,33.25,-84.26,87.8,3.56
201,Half Moon Bay,5,US,1565574945,33,37.46,-122.43,82.4,14.99
202,Santa Vitoria do Palmar,50,BR,1565574945,92,-33.52,-53.37,51.45,3.91
203,Paranaiba,0,BR,1565574945,41,-19.68,-51.19,73.6,1.79
204,Cam Ranh,0,VN,1565574946,55,11.92,109.15,91.4,16.11
205,Papayal,0,EC,1565574946,33,-3.57,-80.23,89.6,5.82
206,Wakema,100,MM,1565574946,78,16.6,95.18,83.14,12.86
207,Bukama,0,CD,1565574947,42,-9.2,25.85,65.32,2.33
208,Port Blair,83,IN,1565574671,81,11.67,92.75,82.6,22.12
209,Deutsch-Wagram,0,AT,1565574948,68,48.3,16.56,72.0,5.82
210,Huron,75,US,1565574948,83,44.36,-98.21,77.0,5.82
211,Chapais,40,CA,1565574876,93,49.78,-74.86,55.4,2.24
212,Yumaguzino,100,RU,1565574949,94,52.9,56.39,56.67,11.07
213,Pevek,9,RU,1565574949,93,69.7,170.27,36.7,27.96
214,Saint-Joseph,75,FR,1565574949,88,43.56,6.97,77.0,3.36
215,Hofn,100,IS,1565574949,78,64.25,-15.21,32.74,21.97
216,Borogontsy,54,RU,1565574950,48,62.67,131.17,70.35,3.94
217,Manosque,0,FR,1565574950,68,43.83,5.78,73.4,8.05
218,La Union,26,GT,1565574951,97,14.97,-89.29,69.82,3.42
219,Mandal,100,MN,1565574951,87,48.82,106.5,50.02,7.45
220,Claresholm,75,CA,1565574952,63,50.02,-113.58,66.99,18.34
221,Lebu,100,ET,1565574668,97,8.96,38.73,55.05,1.03
222,Tessalit,13,ML,1565574952,28,20.2,1.01,92.32,13.53
223,Guatire,20,VE,1565574953,74,10.47,-66.54,82.4,5.82
224,Leshukonskoye,45,RU,1565574953,77,64.9,45.76,39.4,2.28
225,Westport,1,US,1565574664,56,41.14,-73.36,73.99,3.36
226,Avera,1,US,1565574861,83,33.19,-82.53,84.0,5.14
227,Havoysund,75,NO,1565574954,93,71.0,24.66,53.6,8.05
228,Basco,90,US,1565574954,88,40.33,-91.2,80.6,3.49
229,Manta,0,RO,1565574955,67,45.1,24.1,67.3,2.66
230,Biak,100,ID,1565574955,85,-0.91,122.88,69.64,5.26
231,Portales,20,US,1565574956,77,34.19,-103.33,71.6,18.34
232,Nueva Valencia,37,PH,1565574956,79,10.51,122.53,83.67,15.39
233,Margate,75,AU,1565574956,54,-43.03,147.26,54.0,20.8
234,Fort Nelson,40,CA,1565574957,27,58.81,-122.69,73.4,3.36
235,Seoul,90,KR,1565574781,94,37.57,126.98,78.8,11.41
236,Laguna,40,BZ,1565574957,88,16.17,-88.94,82.4,3.78
237,Ust-Nera,64,RU,1565574958,37,64.57,143.24,65.32,4.23
238,Tashla,75,RU,1565574958,93,53.71,49.75,53.6,17.9
239,Porto Novo,0,BR,1565574958,88,-23.68,-45.44,64.4,3.36
240,Yarmouth,90,CA,1565574795,82,43.84,-66.12,63.0,14.99
241,Ternova,0,UA,1565574959,77,50.18,36.68,64.4,4.47
242,Cabo San Lucas,20,MX,1565574709,62,22.89,-109.91,84.2,6.93
243,Timmins,40,CA,1565574696,100,48.48,-81.33,60.8,3.36
244,Thanh Hoa,40,VN,1565574960,89,10.21,106.33,84.2,12.75
245,Maceio,40,BR,1565574960,83,-9.67,-35.74,73.4,2.24
246,Lakes Entrance,31,AU,1565574960,76,-37.88,147.99,54.0,13.53
247,San Patricio,34,PY,1565574826,86,-26.98,-56.83,61.72,4.68
248,Flinders,40,AU,1565574961,41,-34.58,150.85,62.01,11.41
249,Acajutla,0,SV,1565574961,76,13.59,-89.83,85.3,5.06
250,Evensk,100,RU,1565574871,65,61.92,159.24,59.02,8.12
251,Burns Lake,85,CA,1565574962,89,54.23,-125.76,57.4,3.06
252,Bereda,40,ES,1565574962,93,43.27,-7.54,57.99,3.36
253,Solano,78,CO,1565574963,89,0.7,-75.25,71.44,1.16
254,Mayumba,0,GA,1565574963,84,-3.44,10.65,71.07,8.86
255,Komsomolskiy,100,RU,1565574964,75,67.55,63.78,39.57,12.53
256,Santa Rosalia,0,IT,1565574964,88,38.07,13.27,84.0,1.12
257,Caapucu,62,PY,1565574964,82,-26.22,-57.2,63.87,7.0
258,Huejucar,95,MX,1565574965,86,22.35,-103.22,63.15,4.52
259,Maniitsoq,12,GL,1565574965,91,65.42,-52.9,41.92,8.46
260,Muros,20,ES,1565574965,100,42.77,-9.06,60.01,1.12
261,Todorovo,0,BA,1565574966,95,45.08,15.93,63.0,1.01
262,Nemuro,75,JP,1565574966,82,43.32,145.57,64.4,10.29
263,Gayeri,0,BF,1565574966,80,12.65,0.49,76.65,10.78
264,Mount Darwin,0,ZW,1565574967,73,-16.77,31.58,48.75,3.29
265,Pacific Grove,1,US,1565574854,53,36.62,-121.92,80.6,12.75
266,Aasiaat,78,GL,1565574967,62,68.71,-52.87,45.34,20.98
267,Hualmay,88,PE,1565574968,87,-11.1,-77.61,58.84,18.25
268,Mehamn,100,NO,1565574968,96,71.03,27.85,49.47,3.58
269,Sao Joao da Barra,56,BR,1565574968,96,-21.64,-41.05,68.74,3.49
270,Takhatgarh,72,IN,1565574969,77,25.32,73.0,81.15,10.27
271,Espinosa,0,BR,1565574969,70,-14.92,-42.81,64.24,8.5
272,Sao Gabriel da Cachoeira,60,BR,1565574969,87,-0.13,-67.09,74.67,1.5
273,Wajid,33,SO,1565574970,79,3.81,43.25,70.17,14.76
274,Conde,100,BR,1565574970,97,-11.81,-37.61,68.92,4.12
275,Leirvik,100,NO,1565574970,93,59.78,5.5,60.01,5.82
276,Pati,0,BR,1565574971,46,-21.2,-48.0,73.4,4.7
277,El Cope,40,PA,1565574971,83,8.69,-82.32,82.4,9.17
278,Bereznik,7,RU,1565574971,80,62.86,42.71,40.12,1.92
279,Saint-Georges,92,CA,1565574734,81,46.12,-70.67,66.0,3.0
280,Moose Factory,90,CA,1565574972,55,51.26,-80.61,66.2,5.82
281,Walvis Bay,0,NA,1565574973,87,-22.95,14.51,57.2,8.05
282,Noumea,90,NC,1565574973,73,-22.28,166.46,69.8,8.05
283,Griffith,90,AU,1565574973,81,-34.29,146.06,50.0,5.82
284,Mont-de-Marsan,98,FR,1565574974,93,43.89,-0.5,61.0,2.24
285,Bahia Blanca,0,AR,1565574815,82,-38.72,-62.27,45.87,16.53
286,Nara,75,JP,1565574974,59,34.68,135.8,93.2,13.87
287,Tigil,21,RU,1565574975,72,57.8,158.67,59.74,13.85
288,Moses Lake,20,US,1565574975,34,47.13,-119.28,82.4,12.75
289,Cayenne,0,GF,1565574975,88,4.94,-52.33,77.0,2.68
290,Guerrero Negro,0,MX,1565574976,89,27.97,-114.04,65.32,19.04
291,Ust-Karsk,0,RU,1565574976,35,52.71,118.82,79.54,8.79
292,Dingle,76,PH,1565574977,61,11.0,122.67,88.0,11.77
293,Kanadey,99,RU,1565574977,80,53.17,47.53,50.74,14.85
294,Apsheronsk,0,RU,1565574977,68,44.46,39.74,55.42,1.9
295,Lompoc,90,US,1565574878,93,34.64,-120.46,73.99,12.75
296,Sandwick,100,GB,1565574978,100,54.57,-2.89,57.0,3.58
297,Nanortalik,45,GL,1565574978,73,60.14,-45.24,44.97,10.6
298,Pangnirtung,36,CA,1565574979,78,66.15,-65.72,41.92,2.21
299,Sola,52,TZ,1565574979,66,-3.17,33.8,60.27,4.23
300,Tura,100,RU,1565574979,50,64.27,100.22,60.1,8.23
301,Asosa,96,ET,1565574980,92,10.07,34.53,62.25,2.8
302,Jurmala,0,LV,1565574980,100,56.97,23.77,53.6,8.05
303,Biella,75,IT,1565574981,88,45.57,8.05,75.2,2.24
304,Lima,90,PE,1565574869,87,-12.06,-77.04,59.0,9.17
305,Tempio Pausania,0,IT,1565574981,69,40.9,9.1,81.0,3.36
306,Rongcheng,100,CN,1565574982,31,37.16,122.42,81.0,1.99
307,Saryg-Sep,24,RU,1565574982,59,51.49,95.55,61.35,2.06
308,Awjilah,0,LY,1565574982,90,29.14,21.3,72.15,10.45
309,Arrah,75,IN,1565574899,94,25.56,84.66,84.2,4.7
310,Oussouye,100,SN,1565574983,83,12.49,-16.54,79.0,16.02
311,High Rock,83,BS,1565574983,75,26.63,-78.28,85.12,14.38
312,Ponta do Sol,0,BR,1565574984,61,-20.63,-46.0,65.14,5.03
313,Rawson,92,AR,1565574984,64,-43.3,-65.11,37.24,12.12
314,Launceston,10,AU,1565574985,65,-41.43,147.14,48.0,10.29
315,Buraydah,0,SA,1565574985,34,26.33,43.97,78.8,8.05
316,Mount Isa,0,AU,1565574985,31,-20.73,139.49,64.4,14.99
317,Severo-Kurilsk,59,RU,1565574986,96,50.68,156.12,49.47,14.9
318,Talaya,0,RU,1565574987,87,55.79,84.89,59.0,2.24
319,Ordzhonikidze,0,UA,1565574988,53,44.96,35.36,65.67,0.67
320,Sarai Naurang,0,PK,1565574988,49,32.83,70.78,91.05,4.14
321,Fortuna,20,US,1565574988,77,40.6,-124.16,68.0,13.87
322,Bonoua,20,CI,1565574988,94,5.27,-3.6,73.4,5.82
323,Puri,4,ID,1565574989,47,-7.54,112.45,86.2,7.61
324,Bathsheba,40,BB,1565574989,88,13.22,-59.52,77.0,23.04
325,Leningradskiy,92,RU,1565574990,94,69.38,178.42,40.12,17.05
326,Saiha,100,IN,1565574990,97,22.49,92.98,77.92,2.33
327,Faya,20,SA,1565574801,88,18.39,42.45,66.2,4.7
328,Grand Gaube,75,MU,1565574991,78,-20.01,57.66,71.6,19.46
329,Tavda,93,RU,1565574991,68,58.04,65.27,68.74,8.39
330,Igarka,92,RU,1565574992,86,67.47,86.57,48.04,15.43
331,Soyo,0,AO,1565574907,83,-6.13,12.37,71.97,8.68
332,Victor Harbor,40,AU,1565574993,66,-35.55,138.62,54.0,4.7
333,Cockburn Town,0,TC,1565574849,80,21.46,-71.14,82.95,20.42
334,Gamba,4,CN,1565574993,59,28.28,88.52,47.14,4.59
335,Kimbe,100,PG,1565574994,84,-5.56,150.15,82.05,3.27
336,Scarborough,89,GB,1565574904,87,54.28,-0.41,54.0,9.17
337,Sakaiminato,75,JP,1565574994,52,35.55,133.23,91.4,9.17
338,Balad,90,ID,1565574995,52,-6.76,108.42,78.82,3.69
339,Mudgee,0,AU,1565574996,66,-32.6,149.59,52.0,8.05
340,Comodoro Rivadavia,0,AR,1565574997,60,-45.87,-67.48,39.2,13.87
341,Krasyukovskaya,0,RU,1565574997,72,47.53,40.09,60.8,6.71
342,Umm Lajj,80,SA,1565574970,71,25.02,37.27,86.02,4.92
343,Ixtapa,90,MX,1565574998,100,20.71,-105.21,81.0,5.82
344,Sinnamary,4,GF,1565575019,77,5.38,-52.96,81.52,10.87
345,Chokurdakh,10,RU,1565575019,51,70.62,147.9,57.57,13.04
346,Mayo,90,CA,1565575020,59,63.59,-135.9,60.8,4.7
347,Birjand,0,IR,1565575020,14,32.86,59.22,69.8,9.17
348,Baruun-Urt,73,MN,1565575020,53,46.68,113.28,68.92,7.31
349,Esna,0,RO,1565575021,70,45.2,27.57,70.35,4.68
350,Puerto Carreno,75,CO,1565574904,88,6.19,-67.49,78.8,5.82
351,The Valley,0,AI,1565575021,79,18.22,-63.06,82.0,5.01
352,Kulhudhuffushi,100,MV,1565575022,76,6.62,73.07,83.67,14.99
353,Dolores,100,UY,1565575022,89,-33.53,-58.22,53.01,5.77
354,Matay,0,EG,1565575022,45,28.42,30.79,76.12,7.47
355,Sur,100,OM,1565575023,81,22.57,59.53,76.47,15.86
356,Porto Seguro,75,BR,1565574818,78,-16.44,-39.06,75.2,4.7
357,Guaymas,20,MX,1565574849,63,27.92,-110.9,96.01,17.22
358,Digha,100,IN,1565575024,78,21.62,87.51,86.02,6.82
359,Msanga,0,TZ,1565575024,91,-6.04,36.03,55.42,5.37
360,Santa Maria,0,BR,1565575045,47,-16.02,-48.01,75.2,5.82
361,Stillwater,1,US,1565575046,66,36.12,-97.06,93.99,6.93
362,Redlands,1,US,1565575046,28,34.06,-117.19,84.99,8.05
363,Yuryev-Polskiy,72,RU,1565575046,91,56.5,39.68,44.44,4.85
364,Conceicao do Araguaia,0,BR,1565575047,44,-8.26,-49.26,72.87,2.89
365,Timra,96,SE,1565575047,100,62.49,17.33,63.0,4.7
366,Springbok,33,ZA,1565575048,92,-29.67,17.88,43.54,1.48
367,Mar del Plata,0,AR,1565575048,59,-46.43,-67.52,30.04,13.96
368,Georgetown,40,GY,1565575048,83,6.8,-58.16,82.4,6.93
369,Ginir,87,ET,1565575049,84,7.14,40.71,55.77,7.9
370,Rehoboth,0,NA,1565575049,15,-23.31,17.08,45.15,4.05
371,Broome,19,GB,1565575049,93,52.47,1.45,57.99,6.93
372,Ouango,100,CD,1565575050,96,4.31,22.55,68.2,1.48
373,Meulaboh,50,ID,1565574810,72,4.14,96.13,83.67,10.47
374,Dunnville,1,CA,1565575051,73,42.9,-79.62,72.0,8.05
375,Mae Hong Son,75,MM,1565575051,88,19.3,97.96,77.0,1.52
376,Huarmey,73,PE,1565574829,88,-10.07,-78.15,59.2,20.36
377,La Asuncion,0,AR,1565575052,32,-26.05,-65.39,46.6,3.29
378,Taksimo,99,RU,1565575052,47,56.36,114.84,70.0,3.22
379,Kayerkan,75,RU,1565575052,100,69.35,87.76,53.6,8.95
380,Ngunguru,30,NZ,1565575053,66,-35.62,174.5,60.27,18.23
381,Port Hedland,71,AU,1565575054,13,-20.31,118.58,80.6,23.04
382,Mmabatho,0,ZA,1565575054,57,-25.85,25.61,50.0,5.82
383,Tieli,58,CN,1565575054,75,46.98,128.05,73.42,2.15
384,Puerto Escondido,40,MX,1565575055,79,15.86,-97.07,84.2,4.0
385,Kargopol,0,RU,1565575055,83,61.51,38.95,40.12,2.44
386,Turukhansk,100,RU,1565575056,86,65.8,87.96,49.3,12.71
387,Caibarien,75,CU,1565575056,78,22.52,-79.47,77.0,9.17
388,Nenjiang,0,CN,1565575056,71,49.17,125.23,70.54,5.39
389,Ballina,14,IE,1565574891,94,54.11,-9.15,46.99,1.01
390,Martapura,20,ID,1565575057,74,-3.41,114.85,82.4,3.36
391,Longyearbyen,75,NO,1565575057,75,78.22,15.63,41.0,5.82
392,Zhanaozen,0,KZ,1565575058,50,43.35,52.85,70.0,16.58
393,Asekeyevo,100,RU,1565575058,92,53.57,52.8,54.52,13.56
394,Havelock,1,US,1565575058,69,34.88,-76.9,81.0,4.7
395,Milkovo,0,BG,1565575059,63,41.53,24.68,75.99,7.14
396,Ampanihy,0,MG,1565575059,71,-24.69,44.75,63.15,6.13
397,Aklavik,90,CA,1565574963,76,68.22,-135.01,51.8,4.7
398,Trincomalee,39,LK,1565575060,59,8.58,81.23,85.84,11.01
399,Mulchen,68,CL,1565575060,99,-37.72,-72.23,40.47,2.3
400,Charters Towers,0,AU,1565575061,19,-20.07,146.27,68.02,8.68
401,Nabire,100,ID,1565575061,69,-3.36,135.5,80.44,4.38
402,Coihaique,90,CL,1565574908,80,-45.58,-72.07,39.2,8.05
403,Nome,1,US,1565575062,79,30.04,-94.42,88.0,5.82
404,Mangai,100,CD,1565575062,67,-4.07,19.59,77.74,3.89
405,Banda Aceh,100,ID,1565574868,70,5.56,95.32,84.57,22.17
406,Victoria,75,BN,1565574886,84,5.28,115.24,87.8,2.24
407,Mandera,1,ET,1565575063,65,3.94,41.86,71.44,7.81
408,Geraldton,5,CA,1565575063,48,49.72,-86.95,64.4,6.93
409,Bogorodskoye,41,RU,1565575064,53,52.37,140.44,68.02,9.62
410,Yulara,0,AU,1565575064,47,-25.24,130.99,59.0,13.87
411,Havre-Saint-Pierre,40,CA,1565575064,93,50.23,-63.6,57.2,11.41
412,Northam,0,AU,1565575065,48,-31.65,116.67,62.6,13.87
413,Tongzi,0,CN,1565575065,63,28.78,105.09,86.92,1.97
414,Ketchikan,90,US,1565575065,68,55.34,-131.65,64.4,11.41
415,Olga,5,US,1565575066,53,34.11,-118.17,82.4,8.05
416,Chifeng,100,CN,1565575066,85,42.27,118.96,63.52,17.74
417,Coruripe,3,BR,1565575066,96,-10.12,-36.18,67.65,3.33
418,Beringovskiy,95,RU,1565575067,80,63.05,179.32,55.05,6.35
419,Gillette,1,US,1565575040,64,44.29,-105.5,75.2,11.41
420,Otavi,0,NA,1565575068,30,-19.64,17.34,60.1,8.34
421,Mandurah,0,AU,1565575068,45,-32.55,115.7,66.0,13.87
422,Riviere-au-Renard,75,CA,1565575068,93,49.0,-64.4,59.0,4.7
423,Humaita,0,AR,1565575069,43,-24.93,-65.37,55.4,8.05
424,Nelson Bay,75,AU,1565575069,51,-32.72,152.14,62.01,16.11
425,Fertod,0,HU,1565575070,77,47.62,16.89,72.0,5.82
426,Chumphon,20,TH,1565575070,100,10.5,99.18,77.0,3.36
427,Kaitangata,80,NZ,1565575070,69,-46.28,169.85,50.0,11.01
428,Saquena,2,PE,1565575071,92,-4.67,-73.52,73.05,2.46
429,Floriano,0,BR,1565575071,46,-6.77,-43.02,80.07,10.63
430,Wilmington,1,US,1565574789,64,39.75,-75.55,73.99,2.19
431,Katsuura,75,JP,1565575072,74,33.93,134.5,91.0,4.7
432,Ler,40,NO,1565575072,93,63.2,10.3,61.0,4.7
433,Weligama,97,LK,1565575072,80,5.97,80.42,82.42,22.68
434,Kargil,0,PK,1565575073,55,34.56,76.13,57.22,2.33
435,Yangambi,100,CD,1565575073,98,0.77,24.47,70.0,0.16
436,Garissa,47,KE,1565575073,80,-0.46,39.64,69.82,17.13
437,Lorengau,91,PG,1565575074,76,-2.02,147.27,81.87,3.51
438,Christchurch,0,NZ,1565574911,81,-43.53,172.64,55.0,5.82
439,Chimore,2,BO,1565575074,64,-16.98,-65.13,69.1,4.41
440,Aljezur,68,PT,1565575075,65,37.31,-8.8,66.0,22.7
441,Mitsamiouli,0,KM,1565575075,70,-11.38,43.28,77.74,11.92
442,Sisimiut,19,GL,1565574892,62,66.94,-53.67,47.67,4.74
443,Sobral,0,BR,1565575076,80,-3.69,-40.35,70.0,3.15
444,La Orilla,100,MX,1565575076,83,18.0,-102.23,81.34,8.3
445,Vangaindrano,98,MG,1565575077,95,-23.35,47.6,65.14,2.73
446,Port Lincoln,100,AU,1565575077,65,-34.72,135.86,52.17,8.95
447,Upernavik,81,GL,1565574812,66,72.79,-56.15,44.07,9.08
448,Berlevag,100,NO,1565574905,95,70.86,29.09,48.75,12.75
449,Taitung,75,TW,1565575078,62,22.76,121.15,89.6,2.24
450,Fengzhen,0,CN,1565575078,51,40.43,113.15,71.07,14.43
451,Yerbogachen,100,RU,1565575079,50,61.28,108.01,68.92,12.19
452,Lubbock,1,US,1565575009,33,33.58,-101.86,96.8,6.93
453,Kamenka,3,MD,1565574830,93,48.03,28.7,59.0,2.42
454,Saint-Pierre,0,FR,1565575080,93,48.95,4.24,57.0,6.93
455,Barranca,88,PE,1565575080,87,-10.75,-77.76,58.84,18.25
456,Sabha,0,LY,1565575081,35,27.03,14.43,77.92,12.44
457,Kruisfontein,0,ZA,1565575081,68,-34.0,24.73,48.04,12.35
458,Nagato,40,JP,1565575081,74,34.35,131.14,91.4,13.87
459,Mareeba,0,AU,1565575082,38,-16.99,145.42,77.0,17.22
460,Mogwase,0,ZA,1565575082,64,-25.28,27.22,49.47,1.81
461,Verkhnyaya Toyma,11,RU,1565575082,76,62.24,45.0,39.75,5.68
462,Ilhabela,2,BR,1565574927,85,-23.78,-45.36,69.82,6.62
463,Ovalle,0,CL,1565575083,75,-30.6,-71.2,46.05,8.46
464,Popondetta,79,PG,1565575083,72,-8.77,148.24,75.4,3.87
465,Caiaponia,0,BR,1565575084,44,-16.96,-51.81,71.07,2.82
466,Tocopilla,2,CL,1565575084,85,-22.09,-70.2,56.85,13.82
467,Malanje,10,AO,1565575085,97,-9.54,16.35,59.2,5.23
468,Koumra,100,TD,1565575085,95,8.92,17.55,70.35,1.83
469,Jumla,9,NP,1565575085,71,29.28,82.18,67.3,1.25
470,Ambilobe,0,MG,1565575086,72,-13.19,49.05,65.67,10.63
471,Port Moresby,40,PG,1565575086,78,-9.47,147.16,80.6,11.41
472,Poplar Bluff,75,US,1565575086,100,36.76,-90.39,82.99,4.7
473,Hirara,75,JP,1565575087,89,24.8,125.28,86.0,9.17
474,Belyy Yar,90,RU,1565575087,100,53.6,91.39,51.8,2.62
475,Isangel,75,VU,1565574851,70,-19.55,169.27,86.0,9.17
476,Yingkou,100,CN,1565575088,95,40.67,122.24,71.62,20.87
477,Vallenar,0,CL,1565575088,35,-28.58,-70.76,51.1,5.5
478,Dayong,0,CN,1565575089,70,25.02,118.29,87.8,6.71
479,Cabedelo,20,BR,1565575089,94,-6.97,-34.84,73.4,4.7
480,Nangomba,0,TZ,1565575089,90,-10.9,38.52,64.05,0.69
481,Tabou,97,CI,1565575090,80,4.42,-7.36,72.87,4.34
482,Vostok,100,RU,1565575090,99,46.45,135.83,61.9,2.71
483,Colonia,0,RO,1565575091,93,46.6,23.97,64.4,3.36
484,Makakilo City,90,US,1565574801,69,21.35,-158.09,89.6,6.93
485,Leiva,100,CO,1565575091,98,1.94,-77.3,67.65,2.37
486,Erdaojiang,100,CN,1565575092,96,41.78,126.03,66.94,3.27
487,Acapulco,90,MX,1565574858,74,16.86,-99.88,86.0,8.05
488,Adrar,0,DZ,1565575092,10,27.87,-0.29,93.2,8.05
489,Bayan,7,CN,1565575092,40,36.1,102.26,66.04,3.94
490,Tilichiki,100,RU,1565575093,75,60.47,166.1,59.2,5.82
491,Ustye,0,RU,1565575093,87,58.76,27.79,60.45,11.61
492,Makubetsu,75,JP,1565575094,93,42.84,143.34,60.8,3.36
493,Zhigansk,0,RU,1565575095,29,66.77,123.37,77.02,5.08
494,Svetlogorsk,90,RU,1565575095,93,53.14,59.15,57.2,2.24
495,San Quintin,100,PH,1565575096,86,17.54,120.52,80.97,15.12
496,Kangaatsiaq,88,GL,1565575096,69,68.31,-53.46,44.07,17.07
497,Pitimbu,20,BR,1565575096,94,-7.47,-34.81,73.4,4.7
498,Roanoke Rapids,1,US,1565575097,88,36.46,-77.65,73.99,3.38
499,Kefamenanu,14,ID,1565575097,33,-9.45,124.48,88.35,5.77
500,Christiansburg,1,US,1565575097,78,37.13,-80.41,73.99,3.6
501,Guaiba,0,BR,1565575098,87,-30.11,-51.33,60.01,6.93
502,Wanxian,0,CN,1565575098,72,30.8,108.39,84.22,2.04
503,Juiz de Fora,19,BR,1565575098,98,-21.76,-43.35,60.45,2.39
504,Crixas,4,BR,1565575099,42,-14.55,-49.97,73.77,3.98
505,Vestmannaeyjar,100,IS,1565575099,77,63.44,-20.27,46.42,28.43
506,Thung Song,20,TH,1565575099,74,8.16,99.67,84.2,3.36
507,Guayaramerin,0,BO,1565575100,40,-10.82,-65.36,74.85,0.38
508,Lagoa,0,PT,1565575100,52,37.14,-8.45,68.0,13.87
509,Rocky Mountain House,97,CA,1565574830,97,52.38,-114.92,53.97,5.12
510,Merauke,61,ID,1565575101,81,-8.49,140.4,76.84,15.9
511,Portland,1,US,1565575101,87,43.66,-70.25,68.0,5.59
512,Alcacer do Sal,0,PT,1565575102,82,38.37,-8.51,64.99,11.41
513,Gander,75,CA,1565575102,82,48.95,-54.61,62.6,11.41
514,Zhezkazgan,90,KZ,1565575103,33,47.8,67.71,62.6,8.95
515,Iwanai,100,JP,1565575103,58,42.97,140.51,78.1,3.89
516,Shaunavon,82,CA,1565575103,62,49.65,-108.41,64.95,12.01
517,Rundu,0,NA,1565575104,27,-17.91,19.77,57.2,5.17
518,Grand-Santi,100,GF,1565575104,98,4.27,-54.38,71.44,1.77
519,Henties Bay,0,NA,1565575104,92,-22.12,14.28,50.0,4.0
520,Doka,100,SD,1565575105,91,13.52,35.76,72.15,7.56
521,Saint-Augustin,75,CA,1565575105,68,45.63,-73.98,73.99,4.7
522,Antigonish,90,CA,1565575106,72,45.62,-61.99,64.0,8.05
523,Albacete,0,ES,1565575106,32,39.0,-1.86,68.0,8.05
524,Capinota,0,BO,1565575106,38,-17.71,-66.26,60.8,6.93
525,Souillac,0,FR,1565575106,93,45.6,-0.6,57.2,2.24
526,Vila Velha,20,BR,1565575107,78,-3.71,-38.6,78.8,9.17
527,Slave Lake,1,CA,1565575107,68,55.28,-114.77,64.4,9.17
528,Constitucion,40,MX,1565575108,24,23.99,-104.67,80.6,3.36
529,Akureyri,90,IS,1565574904,80,65.68,-18.09,41.0,19.46
530,Shimoda,75,JP,1565575108,88,34.7,138.93,93.99,5.82
531,Askarovo,90,RU,1565575108,93,53.34,58.51,57.2,2.24
532,Kawalu,98,ID,1565575109,70,-7.38,108.21,73.05,6.15
533,Sochi,0,RU,1565575109,77,43.6,39.73,66.2,11.18
534,Srandakan,50,ID,1565575109,86,-7.94,110.25,74.32,10.25
535,Usinsk,100,RU,1565575110,69,66.0,57.56,40.84,19.04
536,Loa Janan,93,ID,1565575110,52,-0.58,117.09,89.8,4.36
537,Dakar,20,SN,1565574979,83,14.69,-17.45,80.6,12.75
538,San Juan del Sur,100,NI,1565575111,79,11.25,-85.87,80.25,17.0
539,Ewa Beach,90,US,1565575111,69,21.32,-158.01,89.6,6.93
540,Mount Gambier,90,AU,1565575111,76,-37.83,140.78,48.2,6.93
541,Ichinoseki,75,JP,1565575112,88,38.93,141.13,75.2,2.24
542,Port Hawkesbury,90,CA,1565574901,72,45.62,-61.36,64.99,8.05
543,Kidal,46,ML,1565575113,38,18.44,1.41,90.87,11.18
544,Meadow Lake,100,CA,1565575113,71,54.13,-108.44,55.95,2.44
545,Dibulla,18,CO,1565575113,80,11.27,-73.31,83.14,18.97
546,Fez,0,MA,1565575113,52,34.03,-5.02,68.0,10.29
547,Sindor,78,RU,1565575114,73,62.87,51.9,41.74,12.8
548,Najran,40,SA,1565575114,32,17.54,44.22,82.4,10.29
549,Valdivia,40,CL,1565575114,100,-39.81,-73.25,44.6,4.7
550,Salta,0,AR,1565575115,43,-24.79,-65.41,55.4,8.05
551,Veraval,20,FR,1565575115,93,49.65,0.71,57.0,8.05
552,Sydney,40,AU,1565575021,58,-33.85,151.22,64.0,17.22
553,Belaya Gora,0,RU,1565575115,34,68.54,146.19,70.17,8.93
554,Fairbanks,1,US,1565575032,40,64.84,-147.72,71.01,11.41
555,Karratha,43,AU,1565575116,15,-20.74,116.85,83.32,20.27
556,Luquillo,90,PR,1565575116,78,18.37,-65.72,82.4,9.17
557,Barabai,7,ID,1565575117,39,-2.59,115.38,98.07,1.21
558,Richards Bay,46,ZA,1565575117,84,-28.77,32.06,68.92,17.47
559,Puteyets,100,RU,1565575117,73,65.17,57.09,41.37,14.88
560,Ribeira Brava,75,PT,1565575118,78,32.65,-17.07,71.6,12.75
561,Tevaitoa,3,PF,1565575118,82,-16.78,-151.5,79.17,11.83
562,Porto Walter,4,BR,1565575118,69,-8.27,-72.74,74.5,0.72
563,Goderich,0,CA,1565575119,80,43.74,-81.71,77.0,1.99
564,Baoqing,100,CN,1565575119,94,46.32,132.2,64.77,4.63
565,Manokwari,100,ID,1565575082,75,-0.87,134.08,80.07,5.55
566,Wronki,100,PL,1565575120,59,52.71,16.37,69.01,3.36
